{
  "project_info": {
    "project_number": "536505138488",
    "firebase_url": "https://ml-kit-codelab-6d63a.firebaseio.com",
    "project_id": "ml-kit-codelab-6d63a",
    "storage_bucket": "ml-kit-codelab-6d63a.appspot.com"
  },
  "client": [
    {
      "client_info": {
        "mobilesdk_app_id": "1:536505138488:android:92e084f479fa9b448cd5cd",
        "android_client_info": {
          "package_name": "com.google.firebase.codelab.mlkit"
        }
      },
      "oauth_client": [
        {
          "client_id": "536505138488-ughcjr8jo5ipar4urdmak7obrosmbnmt.apps.googleusercontent.com",
          "client_type": 3
        }
      ],
      "api_key": [
        {
          "current_key": "AIzaSyDVcEs1_LYi1UL3kN5QA8Y9KPxDM9rmnk0"
        }
      ],
      "services": {
        "appinvite_service": {
          "other_platform_oauth_client": [
            {
              "client_id": "536505138488-ughcjr8jo5ipar4urdmak7obrosmbnmt.apps.googleusercontent.com",
              "client_type": 3
            }
          ]
        }
      }
    }
  ],
  "configuration_version": "1"
}